key,description,en,fr_auto,,,,,,,,,,,,,,,,,,,,,,,,,,,,,,,,,,,,,,,,,,,,,,,,,,,
,,,#VALUE!,,,,,,,,,,,,,,,,,,,,,,,,,,,,,,,,,,,,,,,,,,,,,,,,,,,
,menu,,#VALUE!,,,,,,,,,,,,,,,,,,,,,,,,,,,,,,,,,,,,,,,,,,,,,,,,,,,
home.en,,Home,Accueil,,,,,,,,,,,,,,,,,,,,,,,,,,,,,,,,,,,,,,,,,,,,,,,,,,,
menu.1,,Catalog,Catalogue,,,,,,,,,,,,,,,,,,,,,,,,,,,,,,,,,,,,,,,,,,,,,,,,,,,
,,,#VALUE!,,,,,,,,,,,,,,,,,,,,,,,,,,,,,,,,,,,,,,,,,,,,,,,,,,,
,,,#VALUE!,,,,,,,,,,,,,,,,,,,,,,,,,,,,,,,,,,,,,,,,,,,,,,,,,,,
,,,#VALUE!,,,,,,,,,,,,,,,,,,,,,,,,,,,,,,,,,,,,,,,,,,,,,,,,,,,
,,,#VALUE!,,,,,,,,,,,,,,,,,,,,,,,,,,,,,,,,,,,,,,,,,,,,,,,,,,,
,,,#VALUE!,,,,,,,,,,,,,,,,,,,,,,,,,,,,,,,,,,,,,,,,,,,,,,,,,,,
,,,#VALUE!,,,,,,,,,,,,,,,,,,,,,,,,,,,,,,,,,,,,,,,,,,,,,,,,,,,
descripton.1,,"Discover the Full Bafang Catalog
Explore our complete selection of Bafang products, a global leader in electric mobility solutions. From high-performance mid-drive motors and hub motors to advanced batteries, displays, sensors, and accessories, our catalog brings together everything you need to upgrade, repair, or build your e-bike with trusted Bafang quality.
Whether you’re a commuter, mountain biker, DIY builder, or professional installer, Bafang offers reliable, efficient, and durable components designed for smooth power delivery and an exceptional riding experience. Browse the entire collection and find the perfect parts to boost performance, enhance comfort, and enjoy the freedom of electric cycling.
","Découvrez le catalogue complet Bafang

Explorez notre gamme complète de produits Bafang, leader mondial des solutions de mobilité électrique. Des moteurs centraux et moteurs de moyeu haute performance aux batteries, écrans, capteurs et accessoires de pointe, notre catalogue rassemble tout ce dont vous avez besoin pour améliorer, réparer ou construire votre vélo électrique avec la qualité Bafang reconnue.

Que vous soyez cycliste urbain, vététiste, bricoleur ou installateur professionnel, Bafang propose des composants fiables, performants et durables, conçus pour une puissance fluide et une expérience de conduite exceptionnelle. Parcourez l'ensemble de la collection et trouvez les pièces idéales pour optimiser les performances, améliorer le confort et profiter pleinement de la liberté du vélo électrique.",,,,,,,,,,,,,,,,,,,,,,,,,,,,,,,,,,,,,,,,,,,,,,,,,,,
descripton.2,,"Explore our complete selection of Bafang products, a global leader in electric mobility solutions. From high-performance mid-drive motors and hub motors to advanced batteries, displays, sensors, and accessories, our catalog brings together everything you need to upgrade, repair, or build your e-bike with trusted Bafang quality.","Découvrez notre gamme complète de produits Bafang, leader mondial des solutions de mobilité électrique. Des moteurs centraux et des moteurs de moyeu haute performance aux batteries, écrans, capteurs et accessoires de pointe, notre catalogue rassemble tout ce dont vous avez besoin pour améliorer, réparer ou construire votre vélo électrique avec la qualité Bafang reconnue.",,,,,,,,,,,,,,,,,,,,,,,,,,,,,,,,,,,,,,,,,,,,,,,,,,,
descripton.3,,"Whether you’re a commuter, mountain biker, DIY builder, or professional installer, Bafang offers reliable, efficient, and durable components designed for smooth power delivery and an exceptional riding experience. Browse the entire collection and find the perfect parts to boost performance, enhance comfort, and enjoy the freedom of electric cycling.","Que vous soyez cycliste urbain, vététiste, bricoleur ou installateur professionnel, Bafang propose des composants fiables, performants et durables, conçus pour une puissance fluide et une expérience de conduite exceptionnelle. Découvrez l'ensemble de la collection et trouvez les pièces idéales pour optimiser vos performances, améliorer votre confort et profiter pleinement de la liberté du vélo électrique.",,,,,,,,,,,,,,,,,,,,,,,,,,,,,,,,,,,,,,,,,,,,,,,,,,,
descripton.4,,"Makita’s additional tools and accessories include saws, sanders, blowers, chargers, and more—each designed with the same commitment to innovation and durability. These products enhance productivity and provide versatile solutions for construction, woodworking, and maintenance tasks. With reliable performance and ergonomic designs, Makita’s accessory range completes any professional or home workshop.","La gamme d'outils et d'accessoires Makita comprend des scies, des ponceuses, des souffleurs, des chargeurs et bien plus encore, tous conçus avec le même souci d'innovation et de durabilité. Ces produits optimisent la productivité et offrent des solutions polyvalentes pour les travaux de construction, de menuiserie et d'entretien. Grâce à leurs performances fiables et à leur conception ergonomique, les accessoires Makita complètent parfaitement tout atelier, professionnel ou amateur.",,,,,,,,,,,,,,,,,,,,,,,,,,,,,,,,,,,,,,,,,,,,,,,,,,,
descripton.5,,test description 5,description du test 5,,,,,,,,,,,,,,,,,,,,,,,,,,,,,,,,,,,,,,,,,,,,,,,,,,,
,,,#VALUE!,,,,,,,,,,,,,,,,,,,,,,,,,,,,,,,,,,,,,,,,,,,,,,,,,,,
,,,#VALUE!,,,,,,,,,,,,,,,,,,,,,,,,,,,,,,,,,,,,,,,,,,,,,,,,,,,
meta.title.menu.1,,"Bafang Catalog – Motors, Batteries & E-Bike Parts","Catalogue Bafang – Moteurs, batteries et pièces détachées pour vélos électriques",,,,,,,,,,,,,,,,,,,,,,,,,,,,,,,,,,,,,,,,,,,,,,,,,,,
meta.title.menu.2,,Makita Angle Grinders – Cutting & Grinding Performance,Meuleuses d'angle Makita – Performances de coupe et de meulage,,,,,,,,,,,,,,,,,,,,,,,,,,,,,,,,,,,,,,,,,,,,,,,,,,,
meta.title.menu.3,,Makita Lithium Batteries – Long-Lasting Power,Batteries au lithium Makita – Une puissance longue durée,,,,,,,,,,,,,,,,,,,,,,,,,,,,,,,,,,,,,,,,,,,,,,,,,,,
meta.title.menu.4,,Makita Tools & Accessories – Complete Your Kit,Outils et accessoires Makita – Complétez votre kit,,,,,,,,,,,,,,,,,,,,,,,,,,,,,,,,,,,,,,,,,,,,,,,,,,,
meta.title.menu.5,,Bafang official store,Boutique officielle Bafang,,,,,,,,,,,,,,,,,,,,,,,,,,,,,,,,,,,,,,,,,,,,,,,,,,,
,,,#VALUE!,,,,,,,,,,,,,,,,,,,,,,,,,,,,,,,,,,,,,,,,,,,,,,,,,,,
,,,#VALUE!,,,,,,,,,,,,,,,,,,,,,,,,,,,,,,,,,,,,,,,,,,,,,,,,,,,
meta.des.menu.1,,"Explore the full Bafang catalog: e-bike motors, batteries, displays, sensors, and accessories. Premium components for upgrades, repairs, and DIY electric bikes.","Découvrez le catalogue complet Bafang : moteurs, batteries, écrans, capteurs et accessoires pour vélos électriques. Des composants haut de gamme pour améliorer, réparer et personnaliser votre vélo électrique.",,,,,,,,,,,,,,,,,,,,,,,,,,,,,,,,,,,,,,,,,,,,,,,,,,,
meta.des.menu.2,,"Discover Makita angle grinders designed for tough cutting and grinding tasks. High performance, safety features, and long-lasting durability.","Découvrez les meuleuses d'angle Makita, conçues pour les travaux de découpe et de meulage les plus exigeants. Haute performance, sécurité renforcée et grande durabilité.",,,,,,,,,,,,,,,,,,,,,,,,,,,,,,,,,,,,,,,,,,,,,,,,,,,
meta.des.menu.3,,"Find Makita lithium batteries offering extended runtime, fast charging, and reliability. Compatible with a wide range of Makita tools.","Découvrez les batteries lithium Makita offrant une autonomie prolongée, une charge rapide et une grande fiabilité. Compatibles avec une large gamme d'outils Makita.",,,,,,,,,,,,,,,,,,,,,,,,,,,,,,,,,,,,,,,,,,,,,,,,,,,
meta.des.menu.4,,"Explore Makita accessories including saws, sanders, chargers, and more. Durable, efficient tools to support every professional task.","Découvrez les accessoires Makita, notamment les scies, les ponceuses, les chargeurs et bien plus encore. Des outils robustes et performants pour vous accompagner dans toutes vos tâches professionnelles.",,,,,,,,,,,,,,,,,,,,,,,,,,,,,,,,,,,,,,,,,,,,,,,,,,,
meta.des.menu.5,,"Explore Bafang accessories including saws, sanders, chargers, and more. Durable, efficient tools to support every professional task.","Découvrez les accessoires Bafang : scies, ponceuses, chargeurs et bien plus encore. Des outils robustes et performants pour vous accompagner dans toutes vos tâches professionnelles.",,,,,,,,,,,,,,,,,,,,,,,,,,,,,,,,,,,,,,,,,,,,,,,,,,,
,,,#VALUE!,,,,,,,,,,,,,,,,,,,,,,,,,,,,,,,,,,,,,,,,,,,,,,,,,,,
,,,#VALUE!,,,,,,,,,,,,,,,,,,,,,,,,,,,,,,,,,,,,,,,,,,,,,,,,,,,
,,,#VALUE!,,,,,,,,,,,,,,,,,,,,,,,,,,,,,,,,,,,,,,,,,,,,,,,,,,,
,,,#VALUE!,,,,,,,,,,,,,,,,,,,,,,,,,,,,,,,,,,,,,,,,,,,,,,,,,,,
,Footer,,#VALUE!,,,,,,,,,,,,,,,,,,,,,,,,,,,,,,,,,,,,,,,,,,,,,,,,,,,
,,,#VALUE!,,,,,,,,,,,,,,,,,,,,,,,,,,,,,,,,,,,,,,,,,,,,,,,,,,,
footer.link.home,Lien footer Accueil,Home,Accueil,,,,,,,,,,,,,,,,,,,,,,,,,,,,,,,,,,,,,,,,,,,,,,,,,,,
footer.link.sitemap,Lien footer Plan du site,Site map,Plan du site,,,,,,,,,,,,,,,,,,,,,,,,,,,,,,,,,,,,,,,,,,,,,,,,,,,
footer.link.conditions,Lien footer Conditions,Terms of Use,Conditions d'utilisation,,,,,,,,,,,,,,,,,,,,,,,,,,,,,,,,,,,,,,,,,,,,,,,,,,,
footer.link.mentions,Lien footer Mentions légales,Legal notice,Avis juridique,,,,,,,,,,,,,,,,,,,,,,,,,,,,,,,,,,,,,,,,,,,,,,,,,,,
footer.link.policy,Lien footer Politique,Privacy Policy,politique de confidentialité,,,,,,,,,,,,,,,,,,,,,,,,,,,,,,,,,,,,,,,,,,,,,,,,,,,
footer.link.aboutus,Lien footer about us,About us,À propos de nous,,,,,,,,,,,,,,,,,,,,,,,,,,,,,,,,,,,,,,,,,,,,,,,,,,,
,,,#VALUE!,,,,,,,,,,,,,,,,,,,,,,,,,,,,,,,,,,,,,,,,,,,,,,,,,,,
,,,#VALUE!,,,,,,,,,,,,,,,,,,,,,,,,,,,,,,,,,,,,,,,,,,,,,,,,,,,
legal.conditions.title,Titre page Conditions d'utilisation,Terms of Use - AliExpress Affiliate Makita Program,Conditions d'utilisation - Programme d'affiliation AliExpress Makita,,,,,,,,,,,,,,,,,,,,,,,,,,,,,,,,,,,,,,,,,,,,,,,,,,,
legal.mentions.title,Titre page Mentions légales,Legal Notice - AliExpress Affiliate Program,Mentions légales - Programme d'affiliation AliExpress,,,,,,,,,,,,,,,,,,,,,,,,,,,,,,,,,,,,,,,,,,,,,,,,,,,
legal.policy.title,Titre page Politique de confidentialité,Privacy Policy - AliExpress Affiliate Program,Politique de confidentialité - Programme d'affiliation AliExpress,,,,,,,,,,,,,,,,,,,,,,,,,,,,,,,,,,,,,,,,,,,,,,,,,,,
legal.aboutus.title,Titre page about us,About us – BAFANG,À propos de nous – BAFANG,,,,,,,,,,,,,,,,,,,,,,,,,,,,,,,,,,,,,,,,,,,,,,,,,,,
,,,#VALUE!,,,,,,,,,,,,,,,,,,,,,,,,,,,,,,,,,,,,,,,,,,,,,,,,,,,
legal.conditions.meta.description,Description SEO Conditions,AliExpress Affiliate Site Terms of Use,Conditions d'utilisation du site affilié AliExpress,,,,,,,,,,,,,,,,,,,,,,,,,,,,,,,,,,,,,,,,,,,,,,,,,,,
legal.mentions.meta.description,Description SEO Mentions légales,Legal notices for the AliExpress affiliate website,Mentions légales du site affilié AliExpress,,,,,,,,,,,,,,,,,,,,,,,,,,,,,,,,,,,,,,,,,,,,,,,,,,,
legal.policy.meta.description,Description SEO Politique,AliExpress Affiliate Site Privacy Policy,Politique de confidentialité du site affilié AliExpress,,,,,,,,,,,,,,,,,,,,,,,,,,,,,,,,,,,,,,,,,,,,,,,,,,,
legal.aboutus.meta.description,Description SEO About us,Learn about Makita: A global leader in professional power tools since 1915. Discover our LXT® cordless technology and durable tools for professionals.,Découvrez Makita : leader mondial des outils électroportatifs professionnels depuis 1915. Découvrez notre technologie sans fil LXT® et nos outils durables conçus pour les professionnels.,,,,,,,,,,,,,,,,,,,,,,,,,,,,,,,,,,,,,,,,,,,,,,,,,,,
,,,#VALUE!,,,,,,,,,,,,,,,,,,,,,,,,,,,,,,,,,,,,,,,,,,,,,,,,,,,
legal.conditions.content,Contenu de la page conditions,"Terms of Use Last updated: 2024 1. Acceptance of Terms By accessing and using this website, you agree to be bound by these terms of use. If you do not agree to these terms, please do not use this site. 2. Description of Service This site is an affiliate site that provides links to products available on AliExpress. We do not sell the products directly, but earn a commission on sales made through our affiliate links. 3. Affiliate Links All links to AliExpress are affiliate links. By clicking on these links and making a purchase, we may receive a commission at no additional cost to you. 4. Liability We are not responsible for the quality, availability, or delivery of products sold on AliExpress. All disputes concerning products must be resolved directly with AliExpress or the seller. 5. Intellectual Property The content of this site, including text, images, and logos, is protected by intellectual property laws. Any unauthorized reproduction is prohibited. 6. Modifications We reserve the right to modify these terms of use at any time. Modifications will take effect immediately upon their posting on the website. 7. Contact For any questions regarding these terms of use, you can contact us at: contact@evanstudio.com","Conditions d'utilisation Dernière mise à jour : 2024 1. Acceptation des conditions En accédant à ce site Web et en l'utilisant, vous acceptez d'être lié par les présentes conditions d'utilisation. Si vous n'acceptez pas ces conditions, veuillez ne pas utiliser ce site. 2. Description du service Ce site est un site affilié qui fournit des liens vers des produits disponibles sur AliExpress. Nous ne vendons pas les produits directement, mais percevons une commission sur les ventes réalisées via nos liens d'affiliation. 3. Liens d'affiliation Tous les liens vers AliExpress sont des liens d'affiliation. En cliquant sur ces liens et en effectuant un achat, nous pouvons recevoir une commission sans frais supplémentaires pour vous. 4. Responsabilité Nous ne sommes pas responsables de la qualité, de la disponibilité ou de la livraison des produits vendus sur AliExpress. Tout litige concernant les produits doit être résolu directement avec AliExpress ou le vendeur. 5. Propriété intellectuelle Le contenu de ce site, y compris les textes, les images et les logos, est protégé par les lois sur la propriété intellectuelle. Toute reproduction non autorisée est interdite. 6. Modifications Nous nous réservons le droit de modifier les présentes conditions d'utilisation à tout moment. Les modifications entreront en vigueur immédiatement après leur publication sur le site Web. 7. Contact Pour toute question concernant les présentes conditions d'utilisation, vous pouvez nous contacter à l'adresse suivante : contact@evanstudio.com",,,,,,,,,,,,,,,,,,,,,,,,,,,,,,,,,,,,,,,,,,,,,,,,,,,
legal.mentions.content,Contenu de la page mentions,"<p>Last updated: 2024</p>

<h2>1. Website Publisher</h2>
<ul>
    <li>Company name: EVAN STUDIO CO.LTD</li>
    <li>Email: contact@evanstudio.net</li>
</ul>

<h2>2. Publication Director</h2>
<p>EVAN STUDIO CO.LTD (Director and Owner)</p>

<h2>3. Hosting</h2>
<ul>
    <li>Host: Cloudflare</li>
    <li>Address: 101 Townsend St, San Francisco, CA 94107, USA</li>
</ul>

<h2>4. Intellectual Property</h2>
<p>This entire website is governed by French and international legislation on copyright and intellectual property. All rights of reproduction are reserved, including for downloadable documents and iconographic and photographic representations. Reproduction of all or part of this website on any electronic medium whatsoever is strictly prohibited without the express authorization of the publication director.</p>

<h2>5. Protection of Personal Data</h2>
<p>In accordance with the French Data Protection Act of 6 January 1978, as amended, and the General Data Protection Regulation (GDPR), you have the right to access, rectify, erase, and object to the processing of your personal data. To exercise this right, you can contact us at: contact@alxgroup.com</p>

<h2>6. External Links</h2>
<p>This site contains links to external websites. We are not responsible for the content of these external websites or their privacy policies.</p>

<h2>7. Cookies</h2>
<p>This site may use cookies to improve the user experience. For more information, please see our <a href=""https://policies.google.com/privacy?hl=en-US"">Privacy Policy</a>.</p>

<h2>8. Contact</h2>
<p>For any questions regarding these legal notices, you can contact us at: contact@evanstudio.com</p>","<p>Dernière mise à jour : 2024</p>

<h2>1. Éditeur du site web</h2>

<ul>

<li>Nom de l’entreprise : EVAN STUDIO CO.LTD</li>

<li>Courriel : contact@evanstudio.net</li>

</ul>

<h2>2. Directeur de la publication</h2>

<p>EVAN STUDIO CO.LTD (Directeur et propriétaire)</p>

<h2>3. Hébergement</h2>

<ul>
<li>Hébergeur : Cloudflare</li>

<li>Adresse : 101 Townsend St, San Francisco, CA 94107, États-Unis</li>

</ul>

<h2>4. Propriété intellectuelle</h2>

<p>L’intégralité de ce site web est protégée par la législation française et internationale sur le droit d’auteur et la propriété intellectuelle. Tous les droits de reproduction sont réservés, y compris pour les documents téléchargeables et les représentations iconographiques et photographiques. La reproduction de tout ou partie de ce site web sur quelque support électronique que ce soit est strictement interdite sans l'autorisation expresse du directeur de la publication.

5. Protection des données personnelles

Conformément à la loi Informatique et Libertés du 6 janvier 1978 modifiée et au Règlement général sur la protection des données (RGPD), vous disposez d'un droit d'accès, de rectification, d'effacement et d'opposition au traitement de vos données personnelles. Pour exercer ce droit, vous pouvez nous contacter à l'adresse : contact@alxgroup.com

6. Liens externes

Ce site contient des liens vers des sites web externes. Nous ne sommes pas responsables du contenu de ces sites ni de leurs politiques de confidentialité.

7. Cookies

Ce site peut utiliser des cookies afin d'améliorer votre expérience utilisateur. Pour plus d'informations, veuillez consulter notre <a href=""https://policies.google.com/privacy?hl=en-US"">Politique de confidentialité</a>.

<h2>8. Contact</h2>

<p>Pour toute question concernant ces mentions légales, vous pouvez nous contacter à l'adresse : contact@evanstudio.com</p>",,,,,,,,,,,,,,,,,,,,,,,,,,,,,,,,,,,,,,,,,,,,,,,,,,,
legal.policy.content,Contenu de la page policy,"<p>Last updated: 2024</p>

<h2>1. Introduction</h2>
<p>This privacy policy describes how we collect, use, and protect your personal information when you use our website.</p>

<h2>2. Data Collected</h2>
<ul>
    <li>Browsing data: IP address, browser type, pages visited, visit duration</li>
    <li>Cookies: to improve your user experience and analyze traffic</li>
    <li>Contact data: if you contact us via the form or email</li>
</ul>

<h2>3. Use of Data</h2>
<ul>
    <li>Improve the website's functionality</li>
    <li>Analyze website traffic and usage</li>
    <li>Contact you in response to your inquiries</li>
    <li>Comply with our legal obligations</li>
</ul>

<h2>4. Cookies</h2>
<ul>
    <li>Remember your preferences</li>
    <li>Analyze website traffic</li>
    <li>Improve the user experience</li>
</ul>
<p>You can disable cookies in your browser settings, but this may affect some website functionality.</p>

<h2>5. Data Sharing</h2>
<p>We do not sell, rent, or share your personal data with third parties, except:</p>
<ul>
    <li>When required by law</li>
    <li>With your explicit consent</li>
    <li>With our service providers (hosting, analytics) under a confidentiality agreement</li>
</ul>

<h2>6. Data Security</h2>
<p>We implement appropriate security measures to protect your personal data against unauthorized access, modification, disclosure, or destruction.</p>

<h2>7. Your Rights (GDPR)</h2>
<ul>
    <li>Right of access: you can request a copy of your personal data</li>
    <li>Right to rectification: you can correct your inaccurate data</li>
    <li>Right to erasure: you can request the deletion of your data</li>
    <li>Right to object: You can object to the processing of your personal data under certain circumstances.</li>
</ul>","<p>Dernière mise à jour : 2024</p>

<h2>1. Introduction</h2>

<p>Cette politique de confidentialité décrit comment nous recueillons, utilisons et protégeons vos informations personnelles lorsque vous utilisez notre site web.</p>

<h2>2. Données collectées</h2>

<ul>
<li>Données de navigation : adresse IP, type de navigateur, pages visitées, durée de la visite</li>

<li>Cookies : pour améliorer votre expérience utilisateur et analyser le trafic</li>

<li>Données de contact : si vous nous contactez via le formulaire ou par e-mail</li>

</ul>

<h2>3. Utilisation des données</h2>

<ul>
<li>Améliorer les fonctionnalités du site web</li>

<li>Analyser le trafic et l’utilisation du site web</li>

<li>Répondre à vos demandes</li>

<li>Respecter nos obligations légales</li>

</ul>

<h2>4. Cookies</h2>

<ul>
<li>Mémoriser vos préférences</li>

<li>Analyser le trafic du site web</li>

<li>Améliorer l'expérience utilisateur</li>

</ul>
<p>Vous pouvez désactiver les cookies dans les paramètres de votre navigateur, mais cela peut affecter certaines fonctionnalités du site web.</p>

<h2>5. Partage des données</h2>

<p>Nous ne vendons, ne louons ni ne partageons vos données personnelles avec des tiers, sauf :</p>

<ul>
<li>Lorsque la loi l'exige</li>

<li>Avec votre consentement explicite</li>

<li>Avec nos prestataires de services (hébergement, analyse) dans le cadre d'un accord de confidentialité</li>

</ul>

<h2>6. Sécurité des données</h2>

<p>Nous mettons en œuvre des mesures de sécurité appropriées pour protéger vos données personnelles contre tout accès, modification, divulgation ou destruction non autorisés.</p>

<h2>7. Vos droits (RGPD)</h2>

<ul>

<li>Droit d'accès : vous pouvez demander une copie de vos données personnelles</li>

<li>Droit de rectification : vous pouvez corriger vos données inexactes</li>

<li>Droit à l'effacement : vous pouvez demander la suppression de vos données</li>

<li>Droit d'opposition : vous pouvez vous opposer au traitement de vos données personnelles dans certaines circonstances.</li>
</ul>",,,,,,,,,,,,,,,,,,,,,,,,,,,,,,,,,,,,,,,,,,,,,,,,,,,
legal.aboutus.content,Contenu de la page about us," <h1>The Bafang Story - Powering the E-Mobility Revolution</h1>

    <p>Bafang is more than just a manufacturer of e-bike components; they are a driving force behind the global e-bike movement, committed to making electric cycling accessible, enjoyable, and reliable for everyone—from the daily commuter to the dedicated mountain biker.</p>

    <h2>Our History: From Humble Beginnings to Global Leader</h2>

    <p>The Bafang story is a testament to dedication and forward-thinking engineering.</p>

    <p>Bafang was founded in 2003 in Suzhou, China, with a clear, ambitious goal: to develop and produce the highest quality components for electric bikes and scooters. In the early days, the e-bike market was nascent, but Bafang's founders saw the incredible potential for electric assist technology to change transportation.</p>

    <p>Right from the start, Bafang focused intensely on <strong>R&D and vertical integration</strong>. This commitment allowed them to control every stage of the manufacturing process, from design concept to final assembly, ensuring unmatched quality and consistency.</p>

    <p>Over the next two decades, Bafang's reputation grew rapidly based on the reliability and robustness of their products, leading to major milestones:</p>
    <ul>
        <li><strong>Pioneering Mid-Drive Systems:</strong> Bafang became globally recognized for their powerful and versatile mid-drive motor series (like the popular BBS and M series), which redefined performance and integration in e-bikes.</li>
        <li><strong>Global Expansion:</strong> With design centers in Europe and a vast manufacturing network, Bafang became a truly international company, supplying their components to bike brands and enthusiasts across every continent.</li>
    </ul>

    <h2>Our Vision: A Greener, More Accessible Future</h2>

    <p>Bafang's vision extends beyond the workshop. They are committed to:</p>
    <ul>
        <li><strong>Sustainable Mobility:</strong> By promoting electric cycling, Bafang contributes directly to reducing traffic congestion, decreasing carbon emissions, and encouraging healthier, active lifestyles.</li>
        <li><strong>Technological Accessibility:</strong> They strive to create components that are not only high-performing but also affordable, allowing more people worldwide to experience the joy and utility of electric bikes.</li>
    </ul>

    <h2>The Technology Behind the Power</h2>

    <p>What truly sets Bafang apart is their commitment to sophisticated, user-focused engineering across their complete product portfolio, which includes <strong>Hub Motors, Mid-Drive Systems, Batteries, Controllers, and HMI (Human-Machine Interface)</strong> displays.</p>

    <h3>The Power of the Mid-Drive</h3>
    <p>Bafang is most celebrated for its mid-drive systems, which are engineered for optimal performance:</p>
    <ul>
        <li><strong>Efficiency:</strong> By powering the bike's drivetrain directly through the chain, the motor can utilize the bike’s gears. This allows the motor to operate at its most efficient RPM, delivering high torque and superior hill-climbing ability while consuming less power.</li>
        <li><strong>Balance:</strong> Positioning the motor centrally and low on the frame maintains the bike's center of gravity, resulting in balanced handling and a natural cycling feel.</li>
        <li><strong>Reliability:</strong> Bafang motors are renowned for their rugged, durable design, capable of handling extreme weather and demanding terrains.</li>
    </ul>

    <h2>Bafang: Our Commitment to You</h2>

    <p>We are dedicated to bringing the quality and innovation of Bafang directly to you. We choose Bafang because we share their commitment to excellence.</p>

    <p>When you choose a Bafang-powered product from us, you are investing in:</p>
    <ul>
        <li><strong>Proven Reliability:</strong> Components that have been rigorously tested and trusted by millions of riders globally.</li>
        <li><strong>Leading Performance:</strong> Access to the latest e-bike motor and battery technology.</li>
        <li><strong>Exceptional Value:</strong> The perfect balance of premium quality and competitive pricing.</li>
    </ul>

    <p><strong>Join the e-mobility revolution. Experience the Bafang difference today!</strong></p>
","<h1>L'histoire de Bafang : moteur de la révolution de la mobilité électrique</h1>

<p>Bafang est bien plus qu'un simple fabricant de composants pour vélos électriques ; l'entreprise est un acteur majeur du mouvement mondial du vélo électrique, engagée à rendre le cyclisme électrique accessible, agréable et fiable pour tous, du cycliste urbain au vététiste passionné.</p>

<h2>Notre histoire : d'une modeste entreprise à un leader mondial</h2>

<p>L'histoire de Bafang témoigne d'un engagement sans faille et d'une ingénierie visionnaire.</p>

<p>Fondée en 2003 à Suzhou, en Chine, Bafang s'est fixé un objectif clair et ambitieux : développer et produire des composants de la plus haute qualité pour vélos et scooters électriques. À ses débuts, le marché du vélo électrique était encore balbutiant, mais les fondateurs de Bafang ont perçu l'incroyable potentiel de l'assistance électrique pour transformer les transports.</p>

<p>Dès ses débuts, Bafang a misé sur la <strong>R&D</strong> et l'intégration verticale.</strong> Cet engagement leur a permis de maîtriser chaque étape du processus de fabrication, de la conception à l'assemblage final, garantissant une qualité et une constance inégalées.

Au cours des deux décennies suivantes, la réputation de Bafang s'est rapidement développée grâce à la fiabilité et à la robustesse de ses produits, aboutissant à des étapes majeures :


<li><strong>Systèmes de propulsion centrale pionniers :</strong> Bafang s'est imposée mondialement grâce à ses gammes de moteurs centraux puissants et polyvalents (comme les populaires séries BBS et M), qui ont redéfini les performances et l'intégration des vélos électriques.

<li><strong>Expansion mondiale :</strong> Avec des centres de conception en Europe et un vaste réseau de production, Bafang est devenue une entreprise véritablement internationale, fournissant ses composants aux marques de vélos et aux passionnés sur tous les continents.


<h2>Notre vision : Un avenir plus vert et plus accessible</h2>

<p>La vision de Bafang dépasse le cadre de l'atelier. Ils s'engagent à :</p>

<ul>

<li><strong>Mobilité durable :</strong> En promouvant le vélo électrique, Bafang contribue directement à réduire les embouteillages, à diminuer les émissions de carbone et à encourager des modes de vie plus sains et actifs.</li>

<li><strong>Accessibilité technologique :</strong> Ils s'efforcent de créer des composants à la fois performants et abordables, permettant ainsi à un plus grand nombre de personnes dans le monde de profiter des joies et des avantages du vélo électrique.</li>

</ul>

<h2>La technologie au service de la puissance</h2>

<p>Ce qui distingue véritablement Bafang, c'est son engagement envers une ingénierie sophistiquée et centrée sur l'utilisateur pour l'ensemble de sa gamme de produits, qui comprend <strong>les moteurs de moyeu, les systèmes de propulsion centrale, les batteries, les contrôleurs et les interfaces homme-machine (IHM).</strong></p>

<h3>La puissance de la propulsion centrale</h3>

<p>Bafang est surtout reconnu pour ses systèmes de propulsion centrale, conçus pour une performance optimale :</p>

<ul> <li><strong>Efficacité :</strong> En entraînant la transmission du vélo directement par la chaîne, le moteur exploite les vitesses. Il fonctionne ainsi à son régime optimal, offrant un couple élevé et une capacité de franchissement de côtes supérieure, tout en consommant moins d'énergie.</li>

<li><strong>Équilibre :</strong> Le positionnement central et bas du moteur sur le cadre maintient le centre de gravité du vélo, assurant une maniabilité équilibrée et une sensation de pédalage naturelle.</li>

<li><strong>Fiabilité :</strong> Les moteurs Bafang sont réputés pour leur conception robuste et durable, capables de résister aux conditions climatiques extrêmes et aux terrains les plus exigeants.</li>

</ul>

<h2>Bafang : Notre engagement envers vous</h2>

<p>Nous nous engageons à vous faire bénéficier directement de la qualité et de l'innovation Bafang.</p> Nous avons choisi Bafang car nous partageons son engagement envers l'excellence.</p>

<p>En choisissant un produit équipé d'un moteur Bafang chez nous, vous investissez dans :</p>

<ul>

<li><strong>Fiabilité éprouvée :</strong> Des composants rigoureusement testés et approuvés par des millions de cyclistes à travers le monde.</li>

<li><strong>Performances de pointe :</strong> Accès aux dernières technologies en matière de moteurs et de batteries pour vélos électriques.</li>

<li><strong>Un excellent rapport qualité-prix :</strong> L'équilibre parfait entre qualité supérieure et prix compétitif.</li>

</ul>

<p><strong>Rejoignez la révolution de la mobilité électrique. Découvrez la différence Bafang dès aujourd'hui !</strong></p>",,,,,,,,,,,,,,,,,,,,,,,,,,,,,,,,,,,,,,,,,,,,,,,,,,,
,,,#VALUE!,,,,,,,,,,,,,,,,,,,,,,,,,,,,,,,,,,,,,,,,,,,,,,,,,,,
,,,#VALUE!,,,,,,,,,,,,,,,,,,,,,,,,,,,,,,,,,,,,,,,,,,,,,,,,,,,
,,,#VALUE!,,,,,,,,,,,,,,,,,,,,,,,,,,,,,,,,,,,,,,,,,,,,,,,,,,,
footer.copyright,Texte copyright footer,© 2024 AliExpress Affiliate. All rights reserved.,© 2024 Partenaire AliExpress. Tous droits réservés.,,,,,,,,,,,,,,,,,,,,,,,,,,,,,,,,,,,,,,,,,,,,,,,,,,,
footer.contact,Texte contact footer,Contact us:,Contactez-nous:,,,,,,,,,,,,,,,,,,,,,,,,,,,,,,,,,,,,,,,,,,,,,,,,,,,
site.domain,Domaine du site (URL de base),https://bafang-shop.com,https://bafang-shop.com,,,,,,,,,,,,,,,,,,,,,,,,,,,,,,,,,,,,,,,,,,,,,,,,,,,
site.contact.email,Adresse email de contact,contact@evanstudio.net,contact@evanstudio.net,,,,,,,,,,,,,,,,,,,,,,,,,,,,,,,,,,,,,,,,,,,,,,,,,,,
,,,#VALUE!,,,,,,,,,,,,,,,,,,,,,,,,,,,,,,,,,,,,,,,,,,,,,,,,,,,
,,,#VALUE!,,,,,,,,,,,,,,,,,,,,,,,,,,,,,,,,,,,,,,,,,,,,,,,,,,,
,,</head>,</head>,transportation.</p>,transportation.</p>,transportation.</p>,transportation.</p>,transportation.</p>,transportation.</p>,transportation.</p>,transportation.</p>,transportation.</p>,transportation.</p>,transportation.</p>,transportation.</p>,transportation.</p>,transportation.</p>,transportation.</p>,transportation.</p>,transportation.</p>,transportation.</p>,transportation.</p>,transportation.</p>,transportation.</p>,transportation.</p>,transportation.</p>,transportation.</p>,transportation.</p>,transportation.</p>,transportation.</p>,transportation.</p>,transportation.</p>,transportation.</p>,transportation.</p>,transportation.</p>,transportation.</p>,transportation.</p>,transportation.</p>,transportation.</p>,transportation.</p>,transportation.</p>,transportation.</p>,transportation.</p>,transportation.</p>,transportation.</p>,transportation.</p>,transportation.</p>,transportation.</p>,transportation.</p>,transportation.</p>,transportation.</p>,transportation.</p>,transportation.</p>,transportation.</p>
,,<body>,<corps>,,,,,,,,,,,,,,,,,,,,,,,,,,,,,,,,,,,,,,,,,,,,,,,,,,,
,,,#VALUE!,,,,,,,,,,,,,,,,,,,,,,,,,,,,,,,,,,,,,,,,,,,,,,,,,,,
,,,#VALUE!,,,,,,,,,,,,,,,,,,,,,,,,,,,,,,,,,,,,,,,,,,,,,,,,,,,
,,,#VALUE!,,,,,,,,,,,,,,,,,,,,,,,,,,,,,,,,,,,,,,,,,,,,,,,,,,,
,Index,,#VALUE!,,,,,,,,,,,,,,,,,,,,,,,,,,,,,,,,,,,,,,,,,,,,,,,,,,,
,,,#VALUE!,,,,,,,,,,,,,,,,,,,,,,,,,,,,,,,,,,,,,,,,,,,,,,,,,,,
site.meta.title,Titre SEO du site (page d'accueil),Bafang Electric Bike Motors & Parts – Official Store,Moteurs et pièces détachées pour vélos électriques Bafang – Boutique officielle,,,,,,,,,,,,,,,,,,,,,,,,,,,,,,,,,,,,,,,,,,,,,,,,,,,
site.meta.description,Description SEO du site (page d'accueil),"Discover Bafang e-bike motors, batteries, and accessories. High-performance, reliable components for electric bikes. Fast shipping and quality guaranteed.","Découvrez les moteurs, batteries et accessoires Bafang pour vélos électriques. Des composants performants et fiables. Livraison rapide et qualité garantie.",,,,,,,,,,,,,,,,,,,,,,,,,,,,,,,,,,,,,,,,,,,,,,,,,,,
homepage.hero.title,Titre principal de la page d'accueil (hero),Discover the Best Products of BAFANG,Découvrez les meilleurs produits de BAFANG,,,,,,,,,,,,,,,,,,,,,,,,,,,,,,,,,,,,,,,,,,,,,,,,,,,
homepage.hero.subtitle,Sous-titre de la page d'accueil (hero),Exclusive offers and competitive prices for all your needs,Des offres exclusives et des prix compétitifs pour tous vos besoins,,,,,,,,,,,,,,,,,,,,,,,,,,,,,,,,,,,,,,,,,,,,,,,,,,,
homepage.hero.button,Texte du bouton hero,View Products,Voir les produits,,,,,,,,,,,,,,,,,,,,,,,,,,,,,,,,,,,,,,,,,,,,,,,,,,,
homepage.hero.button.url,URL du lien du bouton hero,https://www.aliexpress.com/store/1103590012?spm=a2g0o.detail.0.0.133b4nTV4nTVgS&sortType=bestmatch_sort,https://www.aliexpress.com/store/1103590012?spm=a2g0o.detail.0.0.133b4nTV4nTVgS&sortType=bestmatch_sort,,,,,,,,,,,,,,,,,,,,,,,,,,,,,,,,,,,,,,,,,,,,,,,,,,,
,,,#VALUE!,,,,,,,,,,,,,,,,,,,,,,,,,,,,,,,,,,,,,,,,,,,,,,,,,,,
,,,#VALUE!,,,,,,,,,,,,,,,,,,,,,,,,,,,,,,,,,,,,,,,,,,,,,,,,,,,
,,,#VALUE!,,,,,,,,,,,,,,,,,,,,,,,,,,,,,,,,,,,,,,,,,,,,,,,,,,,
,,,#VALUE!,,,,,,,,,,,,,,,,,,,,,,,,,,,,,,,,,,,,,,,,,,,,,,,,,,,
,,,#VALUE!,,,,,,,,,,,,,,,,,,,,,,,,,,,,,,,,,,,,,,,,,,,,,,,,,,,
,,,#VALUE!,,,,,,,,,,,,,,,,,,,,,,,,,,,,,,,,,,,,,,,,,,,,,,,,,,,
,,,#VALUE!,,,,,,,,,,,,,,,,,,,,,,,,,,,,,,,,,,,,,,,,,,,,,,,,,,,
,,,#VALUE!,,,,,,,,,,,,,,,,,,,,,,,,,,,,,,,,,,,,,,,,,,,,,,,,,,,
,,,#VALUE!,,,,,,,,,,,,,,,,,,,,,,,,,,,,,,,,,,,,,,,,,,,,,,,,,,,
,,,#VALUE!,,,,,,,,,,,,,,,,,,,,,,,,,,,,,,,,,,,,,,,,,,,,,,,,,,,
,,,#VALUE!,,,,,,,,,,,,,,,,,,,,,,,,,,,,,,,,,,,,,,,,,,,,,,,,,,,
,,,#VALUE!,,,,,,,,,,,,,,,,,,,,,,,,,,,,,,,,,,,,,,,,,,,,,,,,,,,
,,,#VALUE!,,,,,,,,,,,,,,,,,,,,,,,,,,,,,,,,,,,,,,,,,,,,,,,,,,,
,,,#VALUE!,,,,,,,,,,,,,,,,,,,,,,,,,,,,,,,,,,,,,,,,,,,,,,,,,,,
,,,#VALUE!,,,,,,,,,,,,,,,,,,,,,,,,,,,,,,,,,,,,,,,,,,,,,,,,,,,
,,,#VALUE!,,,,,,,,,,,,,,,,,,,,,,,,,,,,,,,,,,,,,,,,,,,,,,,,,,,
,,,#VALUE!,,,,,,,,,,,,,,,,,,,,,,,,,,,,,,,,,,,,,,,,,,,,,,,,,,,
,,,#VALUE!,,,,,,,,,,,,,,,,,,,,,,,,,,,,,,,,,,,,,,,,,,,,,,,,,,,
,,,#VALUE!,,,,,,,,,,,,,,,,,,,,,,,,,,,,,,,,,,,,,,,,,,,,,,,,,,,
,,,#VALUE!,,,,,,,,,,,,,,,,,,,,,,,,,,,,,,,,,,,,,,,,,,,,,,,,,,,
,presentation,,#VALUE!,,,,,,,,,,,,,,,,,,,,,,,,,,,,,,,,,,,,,,,,,,,,,,,,,,,
,,,#VALUE!,,,,,,,,,,,,,,,,,,,,,,,,,,,,,,,,,,,,,,,,,,,,,,,,,,,
homepage.presentation.title,Titre de la section présentation marque,About BAFANG,À propos de BAFANG,,,,,,,,,,,,,,,,,,,,,,,,,,,,,,,,,,,,,,,,,,,,,,,,,,,
homepage.presentation.content,Contenu de la section présentation marque,"Bafang is a global leader in e-mobility solutions, specializing in high-performance electric bike systems. Founded in 2003, the company designs and manufactures motors, batteries, controllers, and complete drive systems trusted by brands worldwide. With a strong commitment to innovation, quality, and riding comfort, Bafang delivers reliable technology for commuters, adventurers, and e-bike manufacturers. Its products combine efficiency, durability, and smooth power delivery to enhance every cycling experience.","Bafang est un leader mondial des solutions de mobilité électrique, spécialisé dans les systèmes de vélos électriques haute performance. Fondée en 2003, l'entreprise conçoit et fabrique des moteurs, des batteries, des contrôleurs et des systèmes de propulsion complets, plébiscités par des marques du monde entier. Fortement engagée en faveur de l'innovation, de la qualité et du confort de conduite, Bafang fournit une technologie fiable aux cyclistes urbains, aux aventuriers et aux fabricants de vélos électriques. Ses produits allient efficacité, durabilité et puissance fluide pour une expérience cycliste optimale.",,,,,,,,,,,,,,,,,,,,,,,,,,,,,,,,,,,,,,,,,,,,,,,,,,,
,,,#VALUE!,,,,,,,,,,,,,,,,,,,,,,,,,,,,,,,,,,,,,,,,,,,,,,,,,,,
,,,#VALUE!,,,,,,,,,,,,,,,,,,,,,,,,,,,,,,,,,,,,,,,,,,,,,,,,,,,
,,,#VALUE!,,,,,,,,,,,,,,,,,,,,,,,,,,,,,,,,,,,,,,,,,,,,,,,,,,,
,,,#VALUE!,,,,,,,,,,,,,,,,,,,,,,,,,,,,,,,,,,,,,,,,,,,,,,,,,,,
,,,#VALUE!,,,,,,,,,,,,,,,,,,,,,,,,,,,,,,,,,,,,,,,,,,,,,,,,,,,
,,,#VALUE!,,,,,,,,,,,,,,,,,,,,,,,,,,,,,,,,,,,,,,,,,,,,,,,,,,,
homepage.advantages.title,Titre de la section avantages,</section>,</section>,,,,,,,,,,,,,,,,,,,,,,,,,,,,,,,,,,,,,,,,,,,,,,,,,,,
homepage.advantages.factory_price.title,Titre avantage: Prix Direct Usine,Factory Direct Price,Prix ​​direct usine,,,,,,,,,,,,,,,,,,,,,,,,,,,,,,,,,,,,,,,,,,,,,,,,,,,
homepage.advantages.factory_price.description,Description avantage: Prix Direct Usine,Benefit from factory-direct pricing without intermediaries.,"Bénéficiez de prix directs d'usine, sans intermédiaires.",,,,,,,,,,,,,,,,,,,,,,,,,,,,,,,,,,,,,,,,,,,,,,,,,,,
homepage.advantages.worldwide_shipping.title,Titre avantage: Livraison Mondiale,Worldwide Delivery,Livraison internationale,,,,,,,,,,,,,,,,,,,,,,,,,,,,,,,,,,,,,,,,,,,,,,,,,,,
homepage.advantages.worldwide_shipping.description,Description avantage: Livraison Mondiale,Worldwide delivery for all your needs,Livraison internationale pour tous vos besoins,,,,,,,,,,,,,,,,,,,,,,,,,,,,,,,,,,,,,,,,,,,,,,,,,,,
homepage.advantages.customer_service.title,Titre avantage: Service Après-Vente Réactif,Responsive After-Sales Service,Service après-vente réactif,,,,,,,,,,,,,,,,,,,,,,,,,,,,,,,,,,,,,,,,,,,,,,,,,,,
homepage.advantages.customer_service.description,Description avantage: Service Après-Vente Réactif,A responsive and available after-sales service to assist you,Un service après-vente réactif et disponible pour vous assister,,,,,,,,,,,,,,,,,,,,,,,,,,,,,,,,,,,,,,,,,,,,,,,,,,,
homepage.advantages.secure_payment.title,Titre avantage: Paiement Sécurisé,Secure Payment,Paiement sécurisé,,,,,,,,,,,,,,,,,,,,,,,,,,,,,,,,,,,,,,,,,,,,,,,,,,,
homepage.advantages.secure_payment.description,Description avantage: Paiement Sécurisé,Secure payment by credit card with maximum protection,Paiement sécurisé par carte bancaire avec protection maximale,,,,,,,,,,,,,,,,,,,,,,,,,,,,,,,,,,,,,,,,,,,,,,,,,,,
homepage.faq.title,Titre de la section FAQ,Frequently Asked Questions,Foire aux questions,,,,,,,,,,,,,,,,,,,,,,,,,,,,,,,,,,,,,,,,,,,,,,,,,,,
homepage.categories.title,Titre de la section catégories,Our Categories,Nos catégories,,,,,,,,,,,,,,,,,,,,,,,,,,,,,,,,,,,,,,,,,,,,,,,,,,,
homepage.testimonials.title,Titre de la section témoignages,Customer Reviews,Avis clients,,,,,,,,,,,,,,,,,,,,,,,,,,,,,,,,,,,,,,,,,,,,,,,,,,,
homepage.stats.title,Titre de la section statistiques,Our Key Figures,Nos chiffres clés,,,,,,,,,,,,,,,,,,,,,,,,,,,,,,,,,,,,,,,,,,,,,,,,,,,
homepage.stats.products.number,Nombre de produits,420+,420+,,,,,,,,,,,,,,,,,,,,,,,,,,,,,,,,,,,,,,,,,,,,,,,,,,,
homepage.stats.products.label,Label produits,Products Available,Produits disponibles,,,,,,,,,,,,,,,,,,,,,,,,,,,,,,,,,,,,,,,,,,,,,,,,,,,
homepage.stats.countries.number,Nombre de pays,100+,Plus de 100,,,,,,,,,,,,,,,,,,,,,,,,,,,,,,,,,,,,,,,,,,,,,,,,,,,
homepage.stats.countries.label,Label pays,Country of Delivery,Pays de livraison,,,,,,,,,,,,,,,,,,,,,,,,,,,,,,,,,,,,,,,,,,,,,,,,,,,
homepage.stats.satisfaction.number,Taux de satisfaction,98%,98%,,,,,,,,,,,,,,,,,,,,,,,,,,,,,,,,,,,,,,,,,,,,,,,,,,,
homepage.stats.satisfaction.label,Label satisfaction,Customer Satisfaction,Satisfaction client,,,,,,,,,,,,,,,,,,,,,,,,,,,,,,,,,,,,,,,,,,,,,,,,,,,
homepage.stats.support.number,Support client,24/7,24h/24 et 7j/7,,,,,,,,,,,,,,,,,,,,,,,,,,,,,,,,,,,,,,,,,,,,,,,,,,,
homepage.stats.support.label,Label support,Customer Service,Service client,,,,,,,,,,,,,,,,,,,,,,,,,,,,,,,,,,,,,,,,,,,,,,,,,,,
homepage.testimonials.1.name,Nom du témoignage 1,Sarah M.,David K.,,,,,,,,,,,,,,,,,,,,,,,,,,,,,,,,,,,,,,,,,,,,,,,,,,,
homepage.testimonials.1.text,Texte du témoignage 1,"Excellent service! I ordered a Bafang BBS02 mid-drive motor and I am very satisfied. The quality is excellent, the delivery was fast and the packaging was neat. The motor performs exactly as described and has transformed my bike into a powerful e-bike. I recommend without hesitation.","Service impeccable ! J'ai commandé un moteur central Bafang BBS02 et j'en suis pleinement satisfait. La qualité est excellente, la livraison rapide et l'emballage soigné. Le moteur fonctionne parfaitement et a transformé mon vélo en un vélo électrique performant. Je le recommande sans hésiter.",,,,,,,,,,,,,,,,,,,,,,,,,,,,,,,,,,,,,,,,,,,,,,,,,,,
homepage.testimonials.2.name,Nom du témoignage 2,David K.,Sarah M.,,,,,,,,,,,,,,,,,,,,,,,,,,,,,,,,,,,,,,,,,,,,,,,,,,,
homepage.testimonials.2.text,Texte du témoignage 2,"Excellent value for money. I bought a Bafang 48V battery and everything matches the description. The battery is powerful, durable, and provides excellent range. Delivery was on time and the product exceeded my expectations.","Excellent rapport qualité-prix. J'ai acheté une batterie Bafang 48V et elle correspond parfaitement à la description. Puissante et durable, elle offre une excellente autonomie. La livraison a été effectuée dans les délais et le produit a dépassé mes attentes.",,,,,,,,,,,,,,,,,,,,,,,,,,,,,,,,,,,,,,,,,,,,,,,,,,,
homepage.testimonials.3.name,Nom du témoignage 3,Emma T. ,Michael R.,,,,,,,,,,,,,,,,,,,,,,,,,,,,,,,,,,,,,,,,,,,,,,,,,,,
homepage.testimonials.3.text,Texte du témoignage 3,"Perfect! I ordered several Bafang components to build my e-bike. All the products are of very good quality, the prices are competitive, and the delivery went smoothly. The components are professional-grade and have significantly improved my cycling experience. I will be back!","Parfait ! J'ai commandé plusieurs composants Bafang pour monter mon vélo électrique. Tous les produits sont d'excellente qualité, les prix sont compétitifs et la livraison s'est déroulée sans problème. Les composants sont de qualité professionnelle et ont considérablement amélioré mon expérience à vélo. Je repasserai commande !",,,,,,,,,,,,,,,,,,,,,,,,,,,,,,,,,,,,,,,,,,,,,,,,,,,
homepage.testimonials.4.name,Nom du témoignage 4,Michael R.,Emma T.,,,,,,,,,,,,,,,,,,,,,,,,,,,,,,,,,,,,,,,,,,,,,,,,,,,
homepage.testimonials.4.text,Texte du témoignage 4,Responsive customer service and quality products. I had a quick question about Bafang motor compatibility and received a prompt reply. The components perfectly match the photos and descriptions. The build quality is outstanding and they perform exactly as expected. Very satisfied with my purchase!,Service client réactif et produits de qualité. J'avais une question rapide concernant la compatibilité avec les moteurs Bafang et j'ai reçu une réponse immédiate. Les composants correspondent parfaitement aux photos et aux descriptions. La qualité de fabrication est exceptionnelle et ils fonctionnent exactement comme prévu. Je suis très satisfait de mon achat !,,,,,,,,,,,,,,,,,,,,,,,,,,,,,,,,,,,,,,,,,,,,,,,,,,,
,,,#VALUE!,,,,,,,,,,,,,,,,,,,,,,,,,,,,,,,,,,,,,,,,,,,,,,,,,,,
,,,#VALUE!,,,,,,,,,,,,,,,,,,,,,,,,,,,,,,,,,,,,,,,,,,,,,,,,,,,
,,,#VALUE!,,,,,,,,,,,,,,,,,,,,,,,,,,,,,,,,,,,,,,,,,,,,,,,,,,,
,,,#VALUE!,,,,,,,,,,,,,,,,,,,,,,,,,,,,,,,,,,,,,,,,,,,,,,,,,,,
,FAQ,,#VALUE!,,,,,,,,,,,,,,,,,,,,,,,,,,,,,,,,,,,,,,,,,,,,,,,,,,,
homepage.faq.1.question,Question FAQ 1,What are the delivery times?,Quels sont les délais de livraison ?,,,,,,,,,,,,,,,,,,,,,,,,,,,,,,,,,,,,,,,,,,,,,,,,,,,
homepage.faq.1.answer,Réponse FAQ 1,"Delivery times vary depending on your location and the seller. Generally, standard delivery takes between 15 and 30 business days. Some sellers offer express delivery (7-15 days) for an additional fee. You can check the exact delivery times on each AliExpress product page before placing your order.","Les délais de livraison varient selon votre lieu de résidence et le vendeur. En général, la livraison standard prend entre 15 et 30 jours ouvrables. Certains vendeurs proposent une livraison express (7 à 15 jours) moyennant un supplément. Vous pouvez consulter les délais de livraison exacts sur chaque page produit AliExpress avant de passer votre commande.",,,,,,,,,,,,,,,,,,,,,,,,,,,,,,,,,,,,,,,,,,,,,,,,,,,
homepage.faq.2.question,Question FAQ 2,What payment methods are accepted?,Quels sont les modes de paiement acceptés ?,,,,,,,,,,,,,,,,,,,,,,,,,,,,,,,,,,,,,,,,,,,,,,,,,,,
homepage.faq.2.answer,Réponse FAQ 2,"AliExpress accepts several secure payment methods: credit cards (Visa, Mastercard), PayPal, bank transfer, and other methods depending on your country. All payments are secure and protected by AliExpress's Buyer Protection system. You will only be charged once your order has shipped.","AliExpress accepte plusieurs modes de paiement sécurisés : cartes bancaires (Visa, Mastercard), PayPal, virement bancaire et autres méthodes selon votre pays. Tous les paiements sont sécurisés et protégés par le système de protection des acheteurs d’AliExpress. Vous ne serez débité qu’une fois votre commande expédiée.",,,,,,,,,,,,,,,,,,,,,,,,,,,,,,,,,,,,,,,,,,,,,,,,,,,
homepage.faq.3.question,Question FAQ 3,Is there a warranty on the products?,Les produits sont-ils garantis ?,,,,,,,,,,,,,,,,,,,,,,,,,,,,,,,,,,,,,,,,,,,,,,,,,,,
homepage.faq.3.answer,Réponse FAQ 3,"Yes, all products sold on AliExpress are covered by the AliExpress Buyer Guarantee. This guarantee covers defective products, products that do not match the description, or products that were not received. You generally have 15 days after receipt to open a dispute if necessary. In addition, many sellers offer their own extended warranties (6 months, 1 year, etc.), which you can find on the product page.","Oui, tous les produits vendus sur AliExpress sont couverts par la Garantie Acheteur AliExpress. Cette garantie couvre les produits défectueux, les produits non conformes à la description ou les produits non reçus. Vous disposez généralement de 15 jours après réception pour ouvrir un litige si nécessaire. De plus, de nombreux vendeurs proposent leurs propres extensions de garantie (6 mois, 1 an, etc.), que vous trouverez sur la page du produit.",,,,,,,,,,,,,,,,,,,,,,,,,,,,,,,,,,,,,,,,,,,,,,,,,,,
homepage.faq.4.question,Question FAQ 4,What should I do if there's a problem with my order?,Que dois-je faire en cas de problème avec ma commande ?,,,,,,,,,,,,,,,,,,,,,,,,,,,,,,,,,,,,,,,,,,,,,,,,,,,
homepage.faq.4.answer,Réponse FAQ 4,"If you encounter a problem (defective product, not received, non-compliant), you can open a dispute directly from your AliExpress account in the ""My Orders"" section. AliExpress customer service will assist you in resolving the issue. Most disputes are resolved quickly, often in your favor if you provide the necessary evidence (photos, description of the problem).","En cas de problème (produit défectueux, non reçu, non conforme), vous pouvez ouvrir un litige directement depuis votre compte AliExpress, dans la section « Mes commandes ». Le service client d'AliExpress vous aidera à résoudre le problème. La plupart des litiges sont résolus rapidement, souvent en votre faveur si vous fournissez les preuves nécessaires (photos, description du problème).",,,,,,,,,,,,,,,,,,,,,,,,,,,,,,,,,,,,,,,,,,,,,,,,,,,
homepage.faq.5.question,Question FAQ 5,Are the products authentic and of good quality?,Les produits sont-ils authentiques et de bonne qualité ?,,,,,,,,,,,,,,,,,,,,,,,,,,,,,,,,,,,,,,,,,,,,,,,,,,,
homepage.faq.5.answer,Réponse FAQ 5,"We select only quality products from verified and positively rated sellers on AliExpress. Each product displays customer reviews and ratings, allowing you to check the quality before purchasing. We recommend reading reviews and checking photos shared by customers to ensure the product meets your expectations.","Nous sélectionnons uniquement des produits de qualité provenant de vendeurs vérifiés et bien notés sur AliExpress. Chaque produit affiche les avis et les notes des clients, vous permettant ainsi de vérifier sa qualité avant l'achat. Nous vous recommandons de lire les avis et de consulter les photos partagées par les clients afin de vous assurer que le produit correspond à vos attentes.",,,,,,,,,,,,,,,,,,,,,,,,,,,,,,,,,,,,,,,,,,,,,,,,,,,
homepage.bestsellers.title,Titre de la section Best Sellers,Best Sellers,Meilleures ventes,,,,,,,,,,,,,,,,,,,,,,,,,,,,,,,,,,,,,,,,,,,,,,,,,,,
button.view_products,"Texte bouton ""Voir les Produits""",View Products,Voir les produits,,,,,,,,,,,,,,,,,,,,,,,,,,,,,,,,,,,,,,,,,,,,,,,,,,,
button.view_on_aliexpress,"Texte bouton ""Voir sur AliExpress""",View on AliExpress,Voir sur AliExpress,,,,,,,,,,,,,,,,,,,,,,,,,,,,,,,,,,,,,,,,,,,,,,,,,,,
button.discover_reviews,"Texte bouton ""Découvrez les X avis""",Discover the,Découvrez le,,,,,,,,,,,,,,,,,,,,,,,,,,,,,,,,,,,,,,,,,,,,,,,,,,,
button.positive_reviews,"Texte ""avis positifs sur AliExpress""",Positive reviews on AliExpress,Avis positifs sur AliExpress,,,,,,,,,,,,,,,,,,,,,,,,,,,,,,,,,,,,,,,,,,,,,,,,,,,
